﻿ID,HP,ATTACK,DEFENCE,AP,NAME,DESC
0,100,100,100,5,강아지족,강아지는 그들이 검을 받았을 때 그 검의 명예를 찾아서 떠난다. 식탐이 많아서 식도락 여행으로 오인받기도 하지만... 일단은 숭고한 것이다.
1,120,120,70,6,고양이족,고양이들은 빨라야 한다고 교육받는다. 그럼에도 그들의 천성은 느긋하다. 숭고한 여행으로 보이지만... 그냥 느긋하게 즐기고 있는 것이다.
2,125,125,125,3,토끼족,노동을 숭배하는 자들. 그들은 태생 부터 노동에 몰두한다. 이것도 수 많은 일과 중 하나일 뿐인 것일까. 하여간 종족적 워커홀릭들 같으니…
3,80,80,80,8,쥐돌이족,그들은 미지를 동경하고 신비를 탐험하는 자들. 그들은 발견을 숭배하고 탐험을 지향한다. 음식에도 그러하다.
4,200,85,85,4,수면양족,푸근해 보이는 외형과는 달리 한번 불타면 재가 될 때 까지 불태우는 종족. 당신은 모험에 불이 붙었다. 탐험이라는 연못으로 뛰어들어라.
